loss,acc_treino,K_treino,acc_teste,K_teste
-1.0,63.34310850439883,0.0,63.95348837209303,0.0
0.2389204204082489,63.34310850439883,0.0,63.95348837209303,0.0
0.23801882565021515,63.34310850439883,0.0,63.95348837209303,0.0
0.23715288937091827,63.34310850439883,0.0,63.95348837209303,0.0
0.23629826307296753,63.34310850439883,0.0,63.95348837209303,0.0
0.2354706972837448,63.34310850439883,0.0,63.95348837209303,0.0
0.2346307784318924,63.34310850439883,0.0,63.95348837209303,0.0
0.23379601538181305,63.34310850439883,0.0,63.95348837209303,0.0
0.23297597467899323,63.34310850439883,0.0,63.95348837209303,0.0
0.23216690123081207,63.34310850439883,0.0,63.95348837209303,0.0
0.23135188221931458,63.34310850439883,0.0,63.95348837209303,0.0
0.230535626411438,63.34310850439883,0.0,63.95348837209303,0.0
0.2297249436378479,63.34310850439883,0.0,63.95348837209303,0.0
0.22894001007080078,63.34310850439883,0.0,63.95348837209303,0.0
0.2281682789325714,63.34310850439883,0.0,63.95348837209303,0.0
0.22742989659309387,63.34310850439883,0.0,63.95348837209303,0.0
0.22671125829219818,63.34310850439883,0.0,63.95348837209303,0.0
0.22600805759429932,63.34310850439883,0.0,63.95348837209303,0.0
0.2252989113330841,63.34310850439883,0.0,63.95348837209303,0.0
0.22459568083286285,63.34310850439883,0.0,63.95348837209303,0.0
0.22390051186084747,63.34310850439883,0.0,63.95348837209303,0.0
0.2232106477022171,63.34310850439883,0.0,63.95348837209303,0.0
0.2225198596715927,63.34310850439883,0.0,63.95348837209303,0.0
0.22183026373386383,63.34310850439883,0.0,63.95348837209303,0.0
0.22114098072052002,63.34310850439883,0.0,63.95348837209303,0.0
0.22045005857944489,63.34310850439883,0.0,63.95348837209303,0.0
0.21975623071193695,63.34310850439883,0.0,63.95348837209303,0.0
0.21905744075775146,63.34310850439883,0.0,63.95348837209303,0.0
0.21835194528102875,63.34310850439883,0.0,63.95348837209303,0.0
0.21764259040355682,63.34310850439883,0.0,63.95348837209303,0.0
0.21692879498004913,63.34310850439883,0.0,63.95348837209303,0.0
0.21620848774909973,63.34310850439883,0.0,63.95348837209303,0.0
0.21548090875148773,63.34310850439883,0.0,63.95348837209303,0.0
0.2147485762834549,63.63636363636363,0.01011330648937181,63.95348837209303,0.0
0.21400634944438934,64.51612903225806,0.04019632929354022,63.95348837209303,0.0
0.21326148509979248,64.51612903225806,0.04019632929354022,65.11627906976744,0.040892193308550207
0.21251775324344635,64.51612903225806,0.04019632929354022,65.11627906976744,0.040892193308550207
0.21177807450294495,65.10263929618768,0.0600403048342637,66.27906976744185,0.08106116433308774
0.21104265749454498,65.39589442815249,0.06989968101336053,66.27906976744185,0.08106116433308774
0.2103113979101181,65.6891495601173,0.07971766659746726,67.44186046511628,0.12052593133674216
0.20958873629570007,66.86217008797654,0.11858087242948956,67.44186046511628,0.12052593133674216
0.20886757969856262,66.86217008797654,0.11858087242948956,67.44186046511628,0.12052593133674216
0.20814448595046997,67.15542521994135,0.12819576333089844,68.6046511627907,0.15930485155684293
0.20742441713809967,67.44868035190615,0.137770792045377,68.6046511627907,0.15930485155684293
0.2067076861858368,67.74193548387096,0.14730620595589905,69.76744186046511,0.19741564967695624
0.20599320530891418,68.32844574780059,0.16625916870415647,69.76744186046511,0.19741564967695624
0.20528197288513184,68.62170087976538,0.1756772021778913,69.76744186046511,0.19741564967695624
0.20457248389720917,69.79472140762464,0.21296524525511462,70.93023255813954,0.23487544483985767
0.20386673510074615,69.50146627565982,0.20694127644349025,70.93023255813954,0.23487544483985767
0.20316317677497864,69.50146627565982,0.20694127644349025,70.93023255813954,0.23487544483985767
0.20246164500713348,69.50146627565982,0.20694127644349025,70.93023255813954,0.23487544483985767
0.20176200568675995,69.79472140762464,0.21616193175478138,72.09302325581395,0.2717007762879323
0.2010638266801834,70.08797653958945,0.22534521158129173,72.09302325581395,0.2717007762879323
0.20036821067333221,70.67448680351906,0.24360055010869086,72.09302325581395,0.2717007762879323
0.1996757984161377,70.67448680351906,0.24360055010869086,72.09302325581395,0.2717007762879323
0.1989859789609909,71.8475073313783,0.2796725784447477,73.25581395348837,0.30790762771168645
0.198299378156662,72.14076246334311,0.2886004787315809,73.25581395348837,0.30790762771168645
0.19761554896831512,72.14076246334311,0.2886004787315809,73.25581395348837,0.30790762771168645
0.19693438708782196,72.14076246334311,0.2886004787315809,74.4186046511628,0.3435114503816793
0.19625617563724518,73.31378299120234,0.32395808370188006,74.4186046511628,0.3435114503816793
0.19558125734329224,73.31378299120234,0.32395808370188006,74.4186046511628,0.3435114503816793
0.19491027295589447,73.60703812316716,0.33271003652809183,76.74418604651163,0.41296928327645044
0.19424274563789368,73.90029325513197,0.3414274244298332,77.90697674418605,0.44685172647257954
0.19357885420322418,74.19354838709677,0.35011045176939404,79.06976744186046,0.4801880456682337
0.1929185688495636,74.19354838709677,0.35011045176939404,79.06976744186046,0.4801880456682337
0.19226203858852386,74.19354838709677,0.35011045176939404,79.06976744186046,0.4801880456682337
0.19160890579223633,74.19354838709677,0.35011045176939404,79.06976744186046,0.4801880456682337
0.19095918536186218,74.48680351906158,0.3587593213011997,79.06976744186046,0.4801880456682337
0.1903127133846283,75.0733137829912,0.37595539001442513,79.06976744186046,0.4801880456682337
0.18966977298259735,75.65982404692082,0.39301722104269876,79.06976744186046,0.4801880456682337
0.18903015553951263,76.24633431085044,0.4099463801243298,79.06976744186046,0.4801880456682337
0.18839401006698608,76.53958944281524,0.41836169033303483,79.06976744186046,0.4801880456682337
0.18776118755340576,76.53958944281524,0.41836169033303483,79.06976744186046,0.4801880456682337
0.18713170289993286,76.24633431085044,0.412231608963037,77.90697674418605,0.45569620253164556
0.18650569021701813,76.24633431085044,0.412231608963037,76.74418604651163,0.4315928618638467
0.18588310480117798,76.24633431085044,0.412231608963037,76.74418604651163,0.4315928618638467
0.18526366353034973,76.24633431085044,0.412231608963037,76.74418604651163,0.4315928618638467
0.18464742600917816,76.24633431085044,0.412231608963037,76.74418604651163,0.4315928618638467
0.1840343475341797,76.83284457478005,0.42895601483836776,76.74418604651163,0.4315928618638467
0.18342463672161102,76.83284457478005,0.42895601483836776,76.74418604651163,0.4315928618638467
0.1828177571296692,77.12609970674487,0.4372699191808066,76.74418604651163,0.4315928618638467
0.18221381306648254,77.41935483870968,0.44555187195134827,76.74418604651163,0.4315928618638467
0.18161273002624512,78.00586510263929,0.462020656723953,77.90697674418605,0.46426229508196726
0.18101473152637482,78.2991202346041,0.4702078521939954,77.90697674418605,0.46426229508196726
0.18041981756687164,78.2991202346041,0.4702078521939954,77.90697674418605,0.46426229508196726
0.1798279881477356,78.2991202346041,0.4702078521939954,77.90697674418605,0.46426229508196726
0.17923913896083832,78.2991202346041,0.47222454613904463,80.23255813953489,0.5280826339573919
0.17865321040153503,78.88563049853371,0.4884360545068134,82.55813953488372,0.5899554990464082
0.1780700981616974,79.17888563049853,0.4964957887074971,82.55813953488372,0.5899554990464082
0.17748978734016418,79.17888563049853,0.4964957887074971,82.55813953488372,0.5899554990464082
0.176912322640419,79.17888563049853,0.4964957887074971,82.55813953488372,0.5899554990464082
0.17633795738220215,79.17888563049853,0.4964957887074971,82.55813953488372,0.5899554990464082
0.17576633393764496,79.17888563049853,0.4964957887074971,82.55813953488372,0.5899554990464082
0.17519761621952057,79.47214076246334,0.5045250747260046,83.72093023255815,0.6201892744479496
0.1746317446231842,79.76539589442815,0.51252408477842,86.04651162790698,0.6793039154754505
0.17406876385211945,79.76539589442815,0.51252408477842,86.04651162790698,0.6793039154754505
0.1735086888074875,80.35190615835776,0.5284319593799667,86.04651162790698,0.6793039154754505
0.17295144498348236,80.35190615835776,0.5301967880570007,86.04651162790698,0.6793039154754505
0.17239691317081451,80.35190615835776,0.5301967880570007,86.04651162790698,0.6793039154754505
0.1718451827764511,80.35190615835776,0.5301967880570007,86.04651162790698,0.6793039154754505
0.17129626870155334,80.93841642228739,0.5459201442238748,86.04651162790698,0.6793039154754505
0.17075009644031525,80.93841642228739,0.5459201442238748,86.04651162790698,0.6793039154754505
0.17020680010318756,81.23167155425219,0.5537379355471945,86.04651162790698,0.6793039154754505
0.16966646909713745,81.23167155425219,0.5553925762946665,86.04651162790698,0.6793039154754505
0.16912880539894104,81.23167155425219,0.5553925762946665,86.04651162790698,0.6793039154754505
0.1685938686132431,81.23167155425219,0.5553925762946665,86.04651162790698,0.6793039154754505
0.16806159913539886,81.23167155425219,0.5553925762946665,86.04651162790698,0.6793039154754505
0.1675320565700531,80.93841642228739,0.549281168025703,86.04651162790698,0.6793039154754505
0.1670052409172058,81.23167155425219,0.5570349922870829,86.04651162790698,0.6793039154754505
0.16648106276988983,81.23167155425219,0.5570349922870829,87.20930232558139,0.7082048118445403
0.16595950722694397,81.23167155425219,0.5570349922870829,87.20930232558139,0.7082048118445403
0.1654406040906906,81.23167155425219,0.5570349922870829,87.20930232558139,0.7082048118445403
0.16492445766925812,81.23167155425219,0.5586653185035388,87.20930232558139,0.7082048118445403
0.1644110232591629,81.52492668621701,0.5663591772471286,87.20930232558139,0.7082048118445403
0.16390028595924377,81.52492668621701,0.5663591772471286,87.20930232558139,0.7082048118445403
0.16339226067066193,81.52492668621701,0.5663591772471286,88.37209302325581,0.7366809552969994
0.1628868728876114,81.52492668621701,0.5663591772471286,88.37209302325581,0.7366809552969994
0.16238413751125336,81.52492668621701,0.5663591772471286,88.37209302325581,0.7366809552969994
0.16188400983810425,81.81818181818183,0.5740248226950355,88.37209302325581,0.7366809552969994
0.16138648986816406,82.11143695014663,0.5816624097500152,88.37209302325581,0.7366809552969994
0.16089166700839996,82.11143695014663,0.5816624097500152,88.37209302325581,0.7366809552969994
0.16039946675300598,82.40469208211144,0.5892720921829204,88.37209302325581,0.7366809552969994
0.1599099189043045,82.69794721407625,0.5968540226430217,87.20930232558139,0.7124620060790273
0.15942296385765076,82.69794721407625,0.5968540226430217,87.20930232558139,0.7124620060790273
0.15893861651420593,82.69794721407625,0.5968540226430217,87.20930232558139,0.7124620060790273
0.15845680236816406,82.69794721407625,0.5968540226430217,86.04651162790698,0.6885938442969222
0.15797758102416992,82.69794721407625,0.5968540226430217,86.04651162790698,0.6885938442969222
0.15750089287757874,83.28445747800586,0.6119352326951104,86.04651162790698,0.6885938442969222
0.1570267379283905,83.28445747800586,0.6119352326951104,84.88372093023256,0.665068903535051
0.15655510127544403,83.28445747800586,0.6133402295649406,84.88372093023256,0.665068903535051
0.1560859978199005,83.28445747800586,0.6133402295649406,84.88372093023256,0.665068903535051
0.15561942756175995,83.28445747800586,0.6133402295649406,84.88372093023256,0.665068903535051
0.15515540540218353,83.57771260997067,0.6208101667990469,84.88372093023256,0.665068903535051
0.1546938568353653,83.87096774193549,0.6282531565281164,84.88372093023256,0.665068903535051
0.15423478186130524,83.87096774193549,0.6282531565281164,84.88372093023256,0.665068903535051
0.15377818048000336,83.87096774193549,0.6282531565281164,83.72093023255815,0.6418798334324807
0.15332402288913727,83.87096774193549,0.6282531565281164,83.72093023255815,0.6418798334324807
0.15287229418754578,83.87096774193549,0.6282531565281164,83.72093023255815,0.6418798334324807
0.15242299437522888,83.87096774193549,0.6282531565281164,83.72093023255815,0.6418798334324807
0.15197612345218658,84.4574780058651,0.6430588746469693,83.72093023255815,0.6418798334324807
0.15153169631958008,84.4574780058651,0.6430588746469693,83.72093023255815,0.6418798334324807
0.15108969807624817,85.04398826979472,0.6577585358653941,83.72093023255815,0.6418798334324807
0.15065008401870728,85.04398826979472,0.6577585358653941,83.72093023255815,0.6418798334324807
0.1502128690481186,85.04398826979472,0.6577585358653941,83.72093023255815,0.6418798334324807
0.14977800846099854,85.04398826979472,0.6577585358653941,83.72093023255815,0.6418798334324807
0.1493455171585083,85.04398826979472,0.6577585358653941,83.72093023255815,0.6418798334324807
0.14891532063484192,85.04398826979472,0.6577585358653941,83.72093023255815,0.6418798334324807
0.14848750829696655,85.04398826979472,0.6577585358653941,83.72093023255815,0.6418798334324807
0.14806200563907623,85.04398826979472,0.6577585358653941,83.72093023255815,0.6418798334324807
0.14763885736465454,85.04398826979472,0.6577585358653941,83.72093023255815,0.6418798334324807
0.14721807837486267,85.33724340175954,0.6650689506148588,83.72093023255815,0.6418798334324807
0.14679953455924988,85.33724340175954,0.6650689506148588,83.72093023255815,0.6418798334324807
0.14638330042362213,85.33724340175954,0.6650689506148588,83.72093023255815,0.6418798334324807
0.14596928656101227,85.33724340175954,0.6650689506148588,83.72093023255815,0.6418798334324807
0.14555756747722626,85.04398826979472,0.6589799399964704,83.72093023255815,0.6418798334324807
0.1451481729745865,85.33724340175954,0.6662621359223301,83.72093023255815,0.6418798334324807
0.14474108815193176,85.04398826979472,0.660192657144532,83.72093023255815,0.6418798334324807
0.14433617889881134,85.04398826979472,0.660192657144532,83.72093023255815,0.6418798334324807
0.1439334750175476,85.04398826979472,0.660192657144532,83.72093023255815,0.6418798334324807
0.14353299140930176,85.04398826979472,0.660192657144532,83.72093023255815,0.6418798334324807
0.1431346982717514,85.04398826979472,0.660192657144532,83.72093023255815,0.6418798334324807
0.14273859560489655,85.04398826979472,0.660192657144532,83.72093023255815,0.6418798334324807
0.1423446536064148,85.04398826979472,0.660192657144532,83.72093023255815,0.6418798334324807
0.14195287227630615,85.33724340175954,0.6674468500097523,83.72093023255815,0.6418798334324807
0.14156325161457062,85.33724340175954,0.6674468500097523,83.72093023255815,0.6418798334324807
0.14117573201656342,85.33724340175954,0.6674468500097523,83.72093023255815,0.6418798334324807
0.14079032838344574,85.33724340175954,0.6674468500097523,83.72093023255815,0.6418798334324807
0.14040707051753998,85.63049853372434,0.6746753373181986,83.72093023255815,0.6418798334324807
0.14002585411071777,85.92375366568915,0.6818782554614009,83.72093023255815,0.6418798334324807
0.13964679837226868,85.92375366568915,0.6818782554614009,83.72093023255815,0.6418798334324807
0.1392698585987091,85.92375366568915,0.6818782554614009,83.72093023255815,0.6418798334324807
0.1388949453830719,85.92375366568915,0.6818782554614009,83.72093023255815,0.6418798334324807
0.13852204382419586,85.92375366568915,0.6818782554614009,84.88372093023256,0.6698168930891908
0.1381511241197586,85.92375366568915,0.6818782554614009,84.88372093023256,0.6698168930891908
0.13778233528137207,85.92375366568915,0.6818782554614009,84.88372093023256,0.6698168930891908
0.1374155580997467,85.92375366568915,0.6818782554614009,84.88372093023256,0.6698168930891908
0.13705074787139893,85.63049853372434,0.6758240692237549,84.88372093023256,0.6698168930891908
0.13668793439865112,85.63049853372434,0.6758240692237549,84.88372093023256,0.6698168930891908
0.1363271176815033,85.63049853372434,0.6758240692237549,84.88372093023256,0.6698168930891908
0.13596822321414948,85.92375366568915,0.6829995739241586,84.88372093023256,0.6698168930891908
0.13561132550239563,85.92375366568915,0.6829995739241586,84.88372093023256,0.6698168930891908
0.1352563500404358,85.92375366568915,0.6829995739241586,84.88372093023256,0.6698168930891908
0.13490326702594757,86.21700879765396,0.6901498308361527,84.88372093023256,0.6698168930891908
0.13455216586589813,86.21700879765396,0.6901498308361527,84.88372093023256,0.6698168930891908
0.13420294225215912,86.21700879765396,0.6901498308361527,84.88372093023256,0.6698168930891908
0.13385562598705292,86.21700879765396,0.6901498308361527,84.88372093023256,0.6698168930891908
0.13351017236709595,86.21700879765396,0.6901498308361527,84.88372093023256,0.6698168930891908
0.1331665813922882,86.21700879765396,0.6901498308361527,84.88372093023256,0.6698168930891908
0.1328248679637909,86.51026392961877,0.6972749729813185,84.88372093023256,0.6698168930891908
0.13248495757579803,86.51026392961877,0.6972749729813185,84.88372093023256,0.6698168930891908
0.13214686512947083,86.51026392961877,0.6972749729813185,84.88372093023256,0.6698168930891908
0.13181060552597046,86.80351906158357,0.7043751324484173,84.88372093023256,0.6698168930891908
0.13147611916065216,86.80351906158357,0.7043751324484173,83.72093023255815,0.6469208211143695
0.13114342093467712,86.51026392961877,0.6983345513288972,83.72093023255815,0.6469208211143695
0.13081249594688416,86.51026392961877,0.6983345513288972,83.72093023255815,0.6469208211143695
0.13048331439495087,86.51026392961877,0.6983345513288972,83.72093023255815,0.6469208211143695
0.13015592098236084,86.51026392961877,0.6983345513288972,83.72093023255815,0.6469208211143695
0.1298302859067917,86.80351906158357,0.7054080516039855,83.72093023255815,0.6469208211143695
0.12950639426708221,86.80351906158357,0.7054080516039855,83.72093023255815,0.6469208211143695
0.12918420135974884,86.80351906158357,0.7054080516039855,83.72093023255815,0.6469208211143695
0.12886375188827515,86.80351906158357,0.7054080516039855,83.72093023255815,0.6469208211143695
